{
  "baseName" : "Microsoft LifeCam HD-3000",
  "uniqueName" : "Microsoft_LifeCam_HD-3000",
  "nickname" : "Microsoft_LifeCam_HD-3000",
  "FOV" : 70.0,
  "path" : "\\\\?\\usb#vid_045e&pid_0810&mi_00#6&1acad782&0&0000#{e5323777-f976-4f5b-9b55-b94699c46e44}\\global",
  "cameraType" : "UsbCamera",
  "currentPipelineIndex" : 0,
  "calibrations" : [ {
    "resolution" : {
      "width" : 640.0,
      "height" : 360.0
    },
    "cameraIntrinsics" : {
      "rows" : 3,
      "cols" : 3,
      "type" : 6,
      "data" : [ 740.4352338249563, 0.0, 319.4019608627429, 0.0, 712.0491556261977, 149.76067511069434, 0.0, 0.0, 1.0 ]
    },
    "cameraExtrinsics" : {
      "rows" : 1,
      "cols" : 5,
      "type" : 6,
      "data" : [ 2.6461720199850554, -43.173601661830006, 0.037138259386005935, 0.029948427122620795, 161.43033632308504 ]
    },
    "perViewErrors" : [ 44.37744798564355, 5.837922542338982, 47.510500940065604, 6.903460100327042, 6.897887942753371, 3.3421964473215366, 5.046465085925058, 32.5684974726299, 2.2421268475660745, 3.620821116220448, 24.664773614528183, 42.777614635085804 ],
    "standardDeviation" : 17.467269962760145
  } ],
  "streamIndex" : 0
}